date,drawdown
2018-01-03,0.0
2018-01-04,0.0
2018-01-05,0.0
2018-01-08,0.0
2018-01-09,-0.008358977917558685
2018-01-10,-0.005363432643223476
2018-01-11,-0.005759672947936445
2018-01-12,-0.008668788669853211
2018-01-15,-0.0038852812302819784
2018-01-16,-0.005247543547703071
2018-01-17,-1.7023493059764583e-05
2018-01-18,0.0
2018-01-19,0.0
2018-01-22,-0.010502859281781518
2018-01-23,-0.017089258326165258
2018-01-24,-0.006893422326542997
2018-01-26,-0.0030919393793003014
2018-01-29,0.0
2018-01-30,-0.007116120119103786
2018-01-31,-0.0035035406000000213
2018-02-01,-0.00224204883830903
2018-02-02,-0.015834381517440543
2018-02-05,-0.016541710884985017
2018-02-06,-0.03228978272755234
2018-02-07,-0.038380603318335926
2018-02-08,-0.0403579492524061
2018-02-09,-0.04671255510004402
2018-02-14,-0.0415615403194306
2018-02-15,-0.037230434483276786
2018-02-16,-0.06485554771210333
2018-02-19,-0.06658420621675509
2018-02-20,-0.09891260489932718
2018-02-21,-0.09145642811773391
2018-02-22,-0.09620763648717479
2018-02-23,-0.09957039533028311
2018-02-26,-0.09675131244154989
2018-02-27,-0.09639815220004289
2018-02-28,-0.08421787052779572
2018-03-01,-0.06331290845425241
2018-03-02,-0.06770634963884714
2018-03-05,-0.0666357300768583
2018-03-06,-0.06848148451001212
2018-03-07,-0.0715831251691671
2018-03-08,-0.07350149388608784
2018-03-09,-0.07025908140212966
2018-03-12,-0.059945339250975116
2018-03-13,-0.06564046378847288
2018-03-14,-0.06327539075865185
2018-03-15,-0.07049967820262693
2018-03-16,-0.07557841322348113
2018-03-19,-0.07906862158713479
2018-03-20,-0.08344611510570032
2018-03-21,-0.08029516418688265
2018-03-22,-0.08968138016765803
2018-03-23,-0.09036046305977785
2018-03-26,-0.08256344018917061
2018-03-27,-0.09179953229708471
2018-03-28,-0.10081931290221302
2018-03-29,-0.10854713813180739
2018-04-02,-0.09002012564315787
2018-04-03,-0.09274975502186467
2018-04-04,-0.09309072418002917
2018-04-05,-0.09327375888144918
2018-04-06,-0.1070444267669689
2018-04-09,-0.10591072147962366
2018-04-10,-0.11662580164295622
2018-04-11,-0.11694546687404006
2018-04-12,-0.11540977089817728
2018-04-13,-0.11678403046255481
2018-04-16,-0.12318095952264141
2018-04-17,-0.11718139479581868
2018-04-18,-0.12053772262011453
2018-04-19,-0.12439469321667163
2018-04-20,-0.12596156497478883
2018-04-23,-0.13242062133072852
2018-04-24,-0.12692142621464364
2018-04-25,-0.12367991861984418
2018-04-26,-0.12419274750448062
2018-04-27,-0.12911805001647614
2018-04-30,-0.12990226940399252
2018-05-02,-0.13461463089713055
2018-05-03,-0.14248347902810243
2018-05-04,-0.1405734338421406
2018-05-07,-0.12652685974837163
2018-05-08,-0.14045638917664705
2018-05-09,-0.1354173638199031
2018-05-10,-0.13586548842506485
2018-05-11,-0.1411441890726085
2018-05-14,-0.14117056729695387
2018-05-15,-0.11397533251401437
2018-05-16,-0.11819188139862702
2018-05-17,-0.12618152261296478
2018-05-18,-0.13063547479538506
2018-05-21,-0.13822166446552098
2018-05-22,-0.14474524996565352
2018-05-23,-0.1448747533196959
2018-05-24,-0.14980360078855892
2018-05-25,-0.15534159891175559
2018-05-28,-0.1729741426160547
2018-05-29,-0.1729741426160547
2018-05-30,-0.1729741426160547
2018-06-01,-0.1729741426160547
2018-06-04,-0.1729741426160547
2018-06-05,-0.16820681261987402
2018-06-06,-0.16563127831010993
2018-06-07,-0.17963605037612007
2018-06-08,-0.16941454026589475
2018-06-11,-0.1603295961925657
2018-06-12,-0.15601633540922122
2018-06-13,-0.16465854332419094
2018-06-14,-0.16097659668926367
2018-06-15,-0.16146365157014353
2018-06-18,-0.1726538662813365
2018-06-19,-0.17823085593563504
2018-06-20,-0.18531094273059578
2018-06-21,-0.18747769658272484
2018-06-22,-0.18528806344420978
2018-06-25,-0.18391390837166688
2018-06-26,-0.17347674353524267
2018-06-27,-0.17129909575995406
2018-06-28,-0.17017915114847382
2018-06-29,-0.17086831218845056
2018-07-02,-0.1680411491260252
2018-07-03,-0.14831365652344153
2018-07-04,-0.11684387243273897
2018-07-05,-0.11501681694096066
2018-07-06,-0.12946236856296245
2018-07-10,-0.11630753045395603
2018-07-11,-0.12593251680278306
2018-07-12,-0.12086239057452852
2018-07-13,-0.13479819617374889
2018-07-16,-0.1354141171068377
2018-07-17,-0.13478772676846618
2018-07-18,-0.1373192660030077
2018-07-19,-0.13346694173807805
2018-07-20,-0.11258317821139174
2018-07-23,-0.10838158723518243
2018-07-24,-0.09740624660605146
2018-07-25,-0.09926893381928203
2018-07-26,-0.10455915290469853
2018-07-27,-0.1055503553786945
2018-07-30,-0.10089259592170496
2018-07-31,-0.09312518255867641
2018-08-01,-0.06706892706280576
2018-08-02,-0.06767664731828948
2018-08-03,-0.07759033978068985
2018-08-06,-0.07597650594032623
2018-08-07,-0.08735278734766883
2018-08-08,-0.08085042230838724
2018-08-09,-0.08738753701989577
2018-08-10,-0.08177356570807348
2018-08-13,-0.0872648371114978
2018-08-14,-0.07934719995438644
2018-08-15,-0.0808236913035838
2018-08-16,-0.07818588455739095
2018-08-17,-0.08956286040762984
2018-08-20,-0.09393960098468734
2018-08-21,-0.08818184010764185
2018-08-22,-0.08390945599527344
2018-08-23,-0.08630462223142366
2018-08-24,-0.08101705398978054
2018-08-27,-0.06920541990268125
2018-08-28,-0.06535309825837399
2018-08-29,-0.07251530047842303
2018-08-30,-0.08892394972924955
2018-08-31,-0.09741562995943875
2018-09-03,-0.11424275565956121
2018-09-04,-0.1285542694037426
2018-09-05,-0.12492512778178788
2018-09-06,-0.12280054045749833
2018-09-10,-0.11922075545505473
2018-09-11,-0.13125857273749608
2018-09-12,-0.12806180123165922
2018-09-13,-0.13592388148147694
2018-09-14,-0.13608886839143253
2018-09-17,-0.13261174297813227
2018-09-18,-0.14341016278012741
2018-09-19,-0.14907295555983757
2018-09-20,-0.10921552645743704
2018-09-21,-0.0992757371605546
2018-09-24,-0.1026168699405785
2018-09-25,-0.09559257627895335
2018-09-26,-0.09149015438554065
2018-09-27,-0.0883795882190932
2018-09-28,-0.09213127329798143
2018-10-01,-0.09564009495631731
2018-10-02,-0.08428750501320259
2018-10-03,-0.0685130429679841
2018-10-04,-0.05202286196808137
2018-10-05,-0.06969716685777705
2018-10-08,-0.06525763928211481
2018-10-09,-0.08182103424778897
2018-10-10,-0.08514684847801579
2018-10-11,-0.08514684847801579
2018-10-15,-0.08514684847801568
2018-10-16,-0.06712824759564828
2018-10-17,-0.07349904496965987
2018-10-18,-0.08754772423218049
2018-10-19,-0.07615204525832175
2018-10-22,-0.06449100323713919
2018-10-23,-0.06630842531770631
2018-10-24,-0.07493864579353648
2018-10-25,-0.061805852114129145
2018-10-26,-0.043781221434963324
2018-10-29,-0.05383997269330765
2018-10-30,-0.05615223041302242
2018-10-31,-0.07689204235762259
2018-11-01,-0.07463169298829908
2018-11-05,-0.0681603732402547
2018-11-06,-0.08125868671857783
2018-11-07,-0.09669002124195147
2018-11-08,-0.10862896657926169
2018-11-09,-0.10568200545226292
2018-11-12,-0.1059235233021899
2018-11-13,-0.13594111135612574
2018-11-14,-0.13431060230604208
2018-11-16,-0.11406169193990001
2018-11-19,-0.11358159433117165
2018-11-21,-0.18610117464229103
2018-11-22,-0.18626475694300115
2018-11-23,-0.1922032498190206
2018-11-26,-0.1908618749531984
2018-11-27,-0.20396463221709993
2018-11-28,-0.20510970832206998
2018-11-29,-0.2015299258802794
2018-11-30,-0.20032280811679004
2018-12-03,-0.19857866194396967
2018-12-04,-0.19752407065172695
2018-12-05,-0.19814645162057176
2018-12-06,-0.20410219176217304
2018-12-07,-0.20380851184704185
2018-12-10,-0.21009122453352636
2018-12-11,-0.21001547733556725
2018-12-12,-0.21559954567167405
2018-12-13,-0.21364070315582218
2018-12-14,-0.2084335898096833
2018-12-17,-0.20745386963253987
2018-12-18,-0.20843713706391642
2018-12-19,-0.20946254841955192
2018-12-20,-0.21110957251788542
2018-12-21,-0.2110441395976015
2018-12-26,-0.20539453560795518
2018-12-27,-0.20142907690733092
2018-12-28,-0.19828829673369874
2019-01-02,-0.19419873921594855
2019-01-03,-0.19239933390813835
2019-01-04,-0.1913851236437364
2019-01-07,-0.18847335869109827
2019-01-08,-0.18896410559322818
2019-01-09,-0.18709926736513416
2019-01-10,-0.18007662504340816
2019-01-11,-0.177523392226687
2019-01-14,-0.17878391736183363
2019-01-15,-0.17447644861330003
2019-01-16,-0.17372397003003404
2019-01-17,-0.1711129372413619
2019-01-18,-0.1699024282161078
2019-01-21,-0.1756811244192057
2019-01-22,-0.17712064866545363
2019-01-23,-0.1761391548611937
2019-01-24,-0.17424583753425704
2019-01-28,-0.14502114786716314
2019-01-29,-0.1429344752258298
2019-01-30,-0.13574730034276483
2019-01-31,-0.13538741928120268
2019-02-01,-0.13384974565452867
2019-02-04,-0.13266003710868246
2019-02-05,-0.13200832735521495
2019-02-06,-0.133775016202883
2019-02-07,-0.13550898859040916
2019-02-08,-0.13902515326571774
2019-02-11,-0.14384699150503144
2019-02-12,-0.09517791529077002
2019-02-13,-0.09285504662068789
2019-02-14,-0.09346992414084865
2019-02-15,-0.09425511918425677
2019-02-18,-0.09543291174936885
2019-02-19,-0.12351086730570082
2019-02-20,-0.12438822693675422
2019-02-21,-0.12017505894168767
2019-02-22,-0.12734014822495177
2019-02-25,-0.1327184148391134
2019-02-26,-0.1255739487390113
2019-02-27,-0.11985061728615065
2019-02-28,-0.11954505692645934
2019-03-01,-0.1304254827886595
2019-03-06,-0.12967002960563911
2019-03-07,-0.13052065756933107
2019-03-08,-0.13104658228256783
2019-03-11,-0.1366928503404925
2019-03-12,-0.1383613898077345
2019-03-13,-0.13571135653623245
2019-03-14,-0.13580386284755397
2019-03-15,-0.13138795026199535
2019-03-18,-0.13414003206009195
2019-03-19,-0.1310503148752813
2019-03-20,-0.1239024324412138
2019-03-21,-0.13053159800518888
2019-03-22,-0.13974677352204123
2019-03-25,-0.14573981665440605
2019-03-26,-0.1416411317336297
2019-03-27,-0.1482636073826431
2019-03-28,-0.1465950679154009
2019-03-29,-0.15641793259066694
2019-04-01,-0.15781554564695388
2019-04-02,-0.16163807517541795
2019-04-03,-0.16376464508464805
2019-04-04,-0.15786685073715212
2019-04-05,-0.155576698527212
2019-04-08,-0.1533192627774138
2019-04-09,-0.16192558132233592
2019-04-10,-0.168470342983295
2019-04-11,-0.16394542019845026
2019-04-12,-0.17284429735707474
2019-04-15,-0.17284429735707474
2019-04-16,-0.16992488731243982
2019-04-17,-0.15165977019171262
2019-04-18,-0.15165977019171262
2019-04-22,-0.15277254490921088
2019-04-23,-0.15390737432237778
2019-04-24,-0.15145853190449132
2019-04-25,-0.15614716921678606
2019-04-26,-0.15614716921678606
2019-04-29,-0.17018670599289287
2019-04-30,-0.1684763446712657
2019-05-02,-0.17161205752343733
2019-05-03,-0.17339740349003907
2019-05-06,-0.171515975778736
2019-05-07,-0.17468674960540853
2019-05-08,-0.16904714458342718
2019-05-09,-0.16919646424305435
2019-05-10,-0.17045074938392302
2019-05-13,-0.17233217709522608
2019-05-14,-0.17304891146143675
2019-05-15,-0.17236204102715147
2019-05-16,-0.17145913070406849
2019-05-17,-0.16706178621030643
2019-05-20,-0.169106442783447
2019-05-21,-0.16567079135137697
2019-05-22,-0.16596943067063152
2019-05-23,-0.1649241930532409
2019-05-24,-0.18235515479173647
2019-05-27,-0.18196692367670575
2019-05-28,-0.20887780843853587
2019-05-29,-0.21126701194743158
2019-05-30,-0.20610165153199111
2019-05-31,-0.21148722781547413
2019-06-03,-0.21205599191610436
2019-06-04,-0.21241157568654034
2019-06-05,-0.22044406843643205
2019-06-06,-0.2216283204622419
2019-06-07,-0.2166281968512339
2019-06-10,-0.21789592362353527
2019-06-11,-0.21044711445536735
2019-06-12,-0.2087320466184135
2019-06-13,-0.20988980383392253
2019-06-14,-0.21055948024509186
2019-06-17,-0.21256956436399432
2019-06-18,-0.21158576094741877
2019-06-19,-0.2103201303851303
2019-06-21,-0.21744611450819895
2019-06-24,-0.21744611450819895
2019-06-25,-0.21599523486995786
2019-06-26,-0.21762939004395632
2019-06-27,-0.21597306929023674
2019-06-28,-0.21583953293565605
2019-07-01,-0.2156863660056847
2019-07-02,-0.21722350743482666
2019-07-03,-0.21513385807164542
2019-07-04,-0.20350663270590263
2019-07-05,-0.2000832984249974
2019-07-08,-0.2020255733652887
2019-07-10,-0.19894675189759858
2019-07-11,-0.1972145764356774
2019-07-12,-0.1968206229655216
2019-07-15,-0.1974516310767731
2019-07-16,-0.19502543208873457
2019-07-17,-0.1968662679719302
2019-07-18,-0.18844508878321475
2019-07-19,-0.18636707736763036
2019-07-22,-0.18758927764834443
2019-07-23,-0.1895681642238598
2019-07-24,-0.19923715508582496
2019-07-25,-0.17563315990552852
2019-07-26,-0.1792867427217727
2019-07-29,-0.17812776257959018
2019-07-30,-0.17795383952360444
2019-07-31,-0.17887416865138173
2019-08-01,-0.18261663687643992
2019-08-02,-0.18439501266877956
2019-08-05,-0.18702792233273513
2019-08-06,-0.18801079277567978
2019-08-07,-0.180941502034639
2019-08-08,-0.17896717799179462
2019-08-09,-0.166178473043735
2019-08-12,-0.1515212479691166
2019-08-13,-0.14790106622523713
2019-08-14,-0.15775724027548677
2019-08-15,-0.16182238793822512
2019-08-16,-0.14467250472322335
2019-08-19,-0.19458030370025836
2019-08-20,-0.16158547554884117
2019-08-21,-0.16274843921552673
2019-08-22,-0.1626581658786479
2019-08-23,-0.16396020345109186
2019-08-26,-0.17634099113327717
2019-08-27,-0.18385239231857142
2019-08-28,-0.18018469206758314
2019-08-29,-0.18135745630110178
2019-08-30,-0.1831019444214057
2019-09-02,-0.1810084267896066
2019-09-03,-0.1721834086435331
2019-09-04,-0.17932606001676865
2019-09-05,-0.17687954810924356
2019-09-06,-0.17916295922293346
2019-09-09,-0.17998307925231127
2019-09-10,-0.17658781856643602
2019-09-11,-0.1811593485725076
2019-09-12,-0.18125457634394926
2019-09-13,-0.18338662033789332
2019-09-16,-0.18639146470445667
2019-09-17,-0.18679163495352646
2019-09-18,-0.19856606198936555
2019-09-19,-0.16652202079243417
2019-09-20,-0.16945783508146417
2019-09-23,-0.16888698230304167
2019-09-24,-0.16772495744467686
2019-09-25,-0.15600894208187643
2019-09-26,-0.18049481210847784
2019-09-27,-0.18982504217407248
2019-09-30,-0.1998058513403399
2019-10-01,-0.18385908809272133
2019-10-02,-0.19451767415286814
2019-10-03,-0.19071031916988235
2019-10-04,-0.19551148406184038
2019-10-07,-0.19071031916988235
2019-10-08,-0.1957728270082124
2019-10-09,-0.2092609883553811
2019-10-10,-0.20386572381651358
2019-10-11,-0.21908625229783008
2019-10-14,-0.21908625229783008
2019-10-15,-0.224223024051592
2019-10-16,-0.22424694667832823
2019-10-17,-0.22424694667832823
2019-10-18,-0.2241259819464424
2019-10-21,-0.23510007312806058
2019-10-22,-0.23921199927891124
2019-10-23,-0.2248321712755832
2019-10-24,-0.24846846736938588
2019-10-25,-0.24819770633332494
2019-10-28,-0.24819770633332494
2019-10-29,-0.23375581632295406
2019-10-30,-0.23375581632295406
2019-10-31,-0.233772738887708
2019-11-01,-0.22797010099378034
2019-11-04,-0.22797010099378034
2019-11-05,-0.22940860900361204
2019-11-06,-0.22852103218311925
2019-11-07,-0.22852103218311925
2019-11-08,-0.22852103218311925
2019-11-11,-0.22852103218311925
2019-11-12,-0.23795435133344522
2019-11-13,-0.23788923498100822
2019-11-14,-0.24051431132941914
2019-11-18,-0.23720177877194237
2019-11-19,-0.23755557500981772
2019-11-21,-0.2353088683337008
2019-11-22,-0.2318239351817184
2019-11-25,-0.23169854736410667
2019-11-26,-0.24189521854981721
2019-11-27,-0.22950181444689088
2019-11-28,-0.2309650274181122
2019-11-29,-0.23287709650398447
2019-12-02,-0.2326885681263674
2019-12-03,-0.24539922630090816
2019-12-04,-0.24871959301447166
2019-12-05,-0.24973954017025823
2019-12-06,-0.2499310223205562
2019-12-09,-0.24675127306562883
2019-12-10,-0.23771930879941539
2019-12-11,-0.24189579979334497
2019-12-12,-0.2421521769142122
2019-12-13,-0.24926853798532966
2019-12-16,-0.26035294963754985
2019-12-17,-0.2594460029917123
2019-12-18,-0.2560794880719526
2019-12-19,-0.25601409045476753
2019-12-20,-0.25588329522039743
2019-12-23,-0.25444454764232727
2019-12-26,-0.25204043403494203
2019-12-27,-0.2518118071353249
2019-12-30,-0.2355792972625147
2020-01-02,-0.23950315429361524
2020-01-03,-0.2344733625020402
2020-01-06,-0.21844929109685862
2020-01-07,-0.19100512791644808
2020-01-08,-0.21718290792259987
2020-01-09,-0.21375350442834418
2020-01-10,-0.21375350442834418
2020-01-13,-0.2143250716773868
2020-01-14,-0.19676215444262102
2020-01-15,-0.18548963834904098
2020-01-16,-0.16831594426505103
2020-01-17,-0.13114422722613173
2020-01-20,-0.13114422722613162
2020-01-21,-0.16138245932629014
2020-01-22,-0.15464694032108728
2020-01-23,-0.1602869295963758
2020-01-24,-0.17322528355569267
2020-01-27,-0.17665085958621074
2020-01-28,-0.19916559169386705
2020-01-29,-0.16849893254623527
2020-01-30,-0.172208062405119
2020-01-31,-0.17868278698272333
2020-02-03,-0.1649364361166843
2020-02-04,-0.16409990166057842
2020-02-05,-0.1689416984998423
2020-02-06,-0.1689416984998423
2020-02-07,-0.16953492012434057
2020-02-10,-0.17466175158842312
2020-02-11,-0.16183299229343362
2020-02-12,-0.13857217614568107
2020-02-13,-0.13857217614568107
2020-02-14,-0.13857217614568107
2020-02-17,-0.1382174853281818
2020-02-18,-0.15581716873368923
2020-02-19,-0.15751415470929409
2020-02-20,-0.1464432056196956
2020-02-21,-0.14560516474965246
2020-02-26,-0.13229445635281312
2020-02-27,-0.13229445635281312
2020-02-28,-0.13229445635281312
2020-03-02,-0.132294456352813
2020-03-03,-0.13223463275821357
2020-03-04,-0.12803266484043374
2020-03-05,-0.13372648780439822
2020-03-06,-0.13372648780439822
2020-03-09,-0.13372648780439822
2020-03-10,-0.13372648780439822
2020-03-11,-0.13372648780439822
2020-03-12,-0.13372648780439822
2020-03-13,-0.13372648780439822
2020-03-16,-0.13372648780439822
2020-03-17,-0.13372648780439822
2020-03-18,-0.13372648780439822
2020-03-19,-0.13372648780439822
2020-03-20,-0.13372648780439822
2020-03-23,-0.13372648780439822
2020-03-24,-0.13372648780439822
2020-03-25,-0.13372648780439822
2020-03-26,-0.13372648780439822
2020-03-27,-0.13372648780439822
2020-03-30,-0.13372648780439822
2020-03-31,-0.13372648780439822
2020-04-01,-0.13372648780439822
2020-04-02,-0.13372648780439822
2020-04-03,-0.13372648780439822
2020-04-06,-0.13372648780439822
2020-04-07,-0.13372648780439822
2020-04-08,-0.13372648780439822
2020-04-09,-0.13372648780439822
2020-04-13,-0.13372648780439822
2020-04-14,-0.13665451110381133
2020-04-15,-0.13549716491777108
2020-04-16,-0.134133351620787
2020-04-17,-0.13271313091730497
2020-04-20,-0.1287415287254935
2020-04-22,-0.11352833497708748
2020-04-23,-0.1208158853086746
2020-04-24,-0.12871698496382478
2020-04-27,-0.12871698496382478
2020-04-28,-0.12871698496382478
2020-04-29,-0.12871698496382478
2020-04-30,-0.12871698496382478
2020-05-04,-0.12871698496382478
2020-05-05,-0.12343020640998392
2020-05-06,-0.11583339056215669
2020-05-07,-0.11507676539001488
2020-05-08,-0.12502076408115037
2020-05-11,-0.1237065709776729
2020-05-12,-0.12332056999239749
2020-05-13,-0.12779123863254782
2020-05-14,-0.1242126805776379
2020-05-15,-0.12806706708943627
2020-05-18,-0.12595824054750504
2020-05-19,-0.12633977764662896
2020-05-20,-0.125991662966063
2020-05-21,-0.15102476697800016
2020-05-22,-0.1411908112331186
2020-05-25,-0.13717077659603705
2020-05-26,-0.13309125388845233
2020-05-27,-0.12812500082719136
2020-05-28,-0.13156448872234894
2020-05-29,-0.13529671630120843
2020-06-01,-0.1313163200437858
2020-06-02,-0.13542567207875467
2020-06-03,-0.10573378801139788
2020-06-04,-0.10625840775640139
2020-06-05,-0.10785504269499369
2020-06-08,-0.10367770977416502
2020-06-09,-0.10261634667818786
2020-06-10,-0.11493093906572338
2020-06-12,-0.11780154165247048
2020-06-15,-0.1113071840164136
2020-06-16,-0.10357526097330638
2020-06-17,-0.09563321963382443
2020-06-18,-0.08408788126798616
2020-06-19,-0.07150859570529677
2020-06-22,-0.07283977815433518
2020-06-23,-0.0588751113099687
2020-06-24,-0.06575067475903751
2020-06-25,-0.05997965272213468
2020-06-26,-0.048828485213363804
2020-06-29,-0.04339374389316708
2020-06-30,-0.03955922793004929
2020-07-01,-0.022958266888400303
2020-07-02,-0.0700699624810246
2020-07-03,-0.052999979126287955
2020-07-06,-0.05119906038001221
2020-07-07,-0.052398228440607486
2020-07-08,-0.043687259689476954
2020-07-09,-0.04860249700799946
2020-07-10,-0.04254391215897979
2020-07-13,-0.043443531614185904
2020-07-14,0.0
2020-07-15,0.0
2020-07-16,-0.0011983597482224662
2020-07-17,0.0
2020-07-20,0.0
2020-07-21,0.0
2020-07-22,0.0
2020-07-23,-0.01164209378095915
2020-07-24,-0.04345777022343
2020-07-27,-0.04211787812471135
2020-07-28,-0.03791686130848293
2020-07-29,-0.021799726489045712
2020-07-30,-0.008946500019274217
2020-07-31,-0.011421049335414324
2020-08-03,0.0
2020-08-04,-0.023753218576561985
2020-08-05,-0.010903864298572152
2020-08-06,0.0
2020-08-07,0.0
2020-08-10,-0.013977546869309188
2020-08-11,-0.014097647122811474
2020-08-12,-0.026314706921177766
2020-08-13,-0.021115750418740364
2020-08-14,-0.02989301530127797
2020-08-17,-0.026506693729310138
2020-08-18,-0.018416957700676417
2020-08-19,-0.03424763142253173
2020-08-20,-0.012974974982293275
2020-08-21,-0.0061535493346035475
2020-08-24,0.0
2020-08-25,0.0
2020-08-26,-0.010067592712044049
2020-08-27,-0.013927055632121155
2020-08-28,-0.006101352785412462
2020-08-31,-0.019709505181184528
2020-09-01,-0.013661282765561222
2020-09-02,-0.03690737952614198
2020-09-03,-0.048699241536096616
2020-09-04,-0.05264843773192385
2020-09-08,-0.052926761364015085
2020-09-09,-0.05584253548826035
2020-09-10,-0.060389133213258894
2020-09-11,-0.059326349123156485
2020-09-14,-0.05037317135849406
2020-09-15,-0.053825937213311414
2020-09-16,-0.052895508739695396
2020-09-17,-0.04666539797611524
2020-09-18,-0.05546273843502969
2020-09-21,-0.08890488180654033
2020-09-22,-0.08564369061266308
2020-09-23,-0.09578468855560573
2020-09-24,-0.09771954992716925
2020-09-25,-0.09728528293538752
2020-09-28,-0.1109254160468911
2020-09-29,-0.13133026839728656
2020-09-30,-0.0832462485529597
2020-10-01,-0.067001679235549
2020-10-02,-0.07684357594902602
2020-10-05,-0.07047634806516012
2020-10-06,-0.06353059005597816
2020-10-07,-0.05764715609095672
2020-10-08,-0.05174039788220042
2020-10-09,-0.0460853796667825
2020-10-13,-0.05382781758034949
2020-10-14,-0.15391132130099228
2020-10-15,-0.17061642455911374
2020-10-16,-0.17531597357017537
2020-10-19,-0.15463126794219828
2020-10-20,-0.16023390258539583
2020-10-21,-0.15792946577422484
2020-10-22,-0.159691330322133
2020-10-23,-0.17083936457840965
2020-10-26,-0.1746843256411802
2020-10-27,-0.17571785205949553
2020-10-28,-0.1814720795096112
2020-10-29,-0.18537046253412814
2020-10-30,-0.2098772763690584
2020-11-03,-0.20986498802296316
2020-11-04,-0.2001236614446108
2020-11-05,-0.1988821787688907
2020-11-06,-0.20280123514577686
2020-11-09,-0.19423057495925578
2020-11-10,-0.16312828277740266
2020-11-11,-0.1533847549953009
2020-11-12,-0.16292573213708073
2020-11-13,-0.14899304577158945
2020-11-16,-0.15180413568099793
2020-11-17,-0.14859972746230288
2020-11-18,-0.14531886490354118
2020-11-19,-0.14635936448000975
2020-11-23,-0.14995038623137436
2020-11-24,-0.13944488114111708
2020-11-25,-0.14615720535389698
2020-11-26,-0.14191576347872714
2020-11-27,-0.0794910041592688
2020-11-30,-0.07933515213683417
2020-12-01,-0.02583117727388018
2020-12-02,-0.02857993605608644
2020-12-03,-0.024369286697311643
2020-12-04,-0.01898816774782086
2020-12-07,-0.025469005208481832
2020-12-08,-0.027915555919504675
2020-12-09,-0.0063132918229915624
2020-12-10,-0.00826144210342572
2020-12-11,-0.008167992103919497
2020-12-14,-0.008261442103425498
2020-12-15,-0.007877982091973212
2020-12-16,-0.0007209803358698696
2020-12-17,0.0
2020-12-18,0.0
2020-12-21,-0.007587447088668875
2020-12-22,-0.010576562531325884
2020-12-23,0.0
2020-12-28,0.0
2020-12-29,0.0
2020-12-30,-0.0018913045995418987
2021-01-04,-0.012928846467739952
2021-01-05,0.0
2021-01-06,0.0
2021-01-07,0.0
2021-01-08,0.0
2021-01-11,-0.006366719600358617
2021-01-12,-0.013160212556417639
2021-01-13,-0.021409611976791698
2021-01-14,-0.0027833275131532442
2021-01-15,0.0
2021-01-18,0.0
2021-01-19,-0.02322576925280162
2021-01-20,-0.012497628193648747
2021-01-21,-0.015742836486958067
2021-01-22,-0.016985723483268877
2021-01-26,-0.016239124973363217
2021-01-27,-0.038442861032296105
2021-01-28,-0.04446242869547623
2021-01-29,-0.04936214733514965
2021-02-01,-0.06329695813894365
2021-02-02,-0.06270746614146672
2021-02-03,-0.061319265137193435
2021-02-04,-0.022067045344337233
2021-02-05,-0.017900223460243114
2021-02-08,-0.008911642237689588
2021-02-09,-0.011344882658223532
2021-02-10,-0.0155527009057711
2021-02-11,-0.021777397657986808
2021-02-12,-0.01829291959165258
2021-02-17,-0.01325345212615825
2021-02-18,-0.00938137832486352
2021-02-19,-0.010185906931736821
2021-02-22,-0.02412258159799341
2021-02-23,-0.02412258159799341
2021-02-24,-0.02412258159799341
2021-02-25,-0.02412258159799341
2021-02-26,-0.02412258159799341
2021-03-01,-0.02412258159799341
2021-03-02,-0.02412258159799341
2021-03-03,-0.02412258159799341
2021-03-04,-0.02412258159799341
2021-03-05,-0.02412258159799341
2021-03-08,-0.024122581597993298
2021-03-09,-0.026901406222317847
2021-03-10,-0.01970253790443577
2021-03-11,-0.015985421068145267
2021-03-12,0.0
2021-03-15,-0.0036261895482986306
2021-03-16,0.0
2021-03-17,0.0
2021-03-18,0.0
2021-03-19,-0.005335139300307934
2021-03-22,-0.011861038734710116
2021-03-23,0.0
2021-03-24,0.0
2021-03-25,0.0
2021-03-26,-0.0058052163316014704
2021-03-29,-0.013346431049498508
2021-03-30,0.0
2021-03-31,0.0
2021-04-01,0.0
2021-04-05,0.0
2021-04-06,0.0
2021-04-07,-0.05340747539089352
2021-04-08,-0.037392628673542094
2021-04-09,-0.03371972472031426
2021-04-12,-0.02991717252236281
2021-04-13,-0.032570494194245514
2021-04-14,-0.03431860273084564
2021-04-15,-0.032900764324194975
2021-04-16,-0.02744136929108465
2021-04-19,-0.002500617342940936
2021-04-20,-0.003515471170244533
2021-04-22,-0.011727852252016446
2021-04-23,0.0
2021-04-26,-0.008433957537738346
2021-04-27,-0.014516487181516768
2021-04-28,0.0
2021-04-29,-0.00379439453186714
2021-04-30,0.0
2021-05-03,0.0
2021-05-04,-0.003025609846314281
2021-05-05,0.0
2021-05-06,-0.014318388315525121
2021-05-07,-0.01342497606376436
2021-05-10,-0.020417605482583534
2021-05-11,-0.006003185477142403
2021-05-12,-0.03954183618737561
2021-05-13,-0.04273812756398965
2021-05-14,-0.01349311787034646
2021-05-17,-0.023235182215352368
2021-05-18,0.0
2021-05-19,-0.021233494949851828
2021-05-20,-0.0230040888964812
2021-05-21,-0.027418845304875594
2021-05-24,-0.018031526915668672
2021-05-25,-0.008752328870764825
2021-05-26,-0.0038823107325808293
2021-05-27,0.0
2021-05-28,0.0
2021-05-31,0.0
2021-06-01,0.0
2021-06-02,-0.0009787530878965223
2021-06-04,-0.0023112839009855612
2021-06-07,-0.0036911933748500214
2021-06-08,-0.013811904666867658
2021-06-09,-0.013129535435386752
2021-06-10,-0.0010122188296869394
2021-06-11,0.0
2021-06-14,0.0
2021-06-15,-0.015398713045407852
2021-06-16,-0.030446930568770125
2021-06-17,-0.0318535499874788
2021-06-18,-0.014604086379960246
2021-06-21,-0.02172573421316948
2021-06-22,-0.010119540769613189
2021-06-23,-0.006560237197755114
2021-06-24,-0.00851833772843924
2021-06-25,-0.015661885618170834
2021-06-28,-0.02383435628874564
2021-06-29,-0.0026634252189473573
2021-06-30,0.0
2021-07-01,-0.004868780871874923
2021-07-02,0.0
2021-07-05,0.0
2021-07-06,-0.005267373387521146
2021-07-07,-0.011399453945416638
2021-07-08,-0.003773575195266332
2021-07-12,0.0
2021-07-13,-0.005913409695068594
2021-07-14,-0.010010624520369826
2021-07-15,0.0
2021-07-16,-0.007729536752601018
2021-07-19,0.0
2021-07-20,0.0
2021-07-21,-0.007075911580691985
2021-07-22,-0.012740372477718531
2021-07-23,-0.02516906531992469
2021-07-26,-0.010183326360809986
2021-07-27,-0.022733444251402113
2021-07-28,-0.026001179819498788
2021-07-29,-0.031127840140699137
2021-07-30,-0.02955111506266961
2021-08-02,-0.0492414664398102
2021-08-03,-0.017584592701640145
2021-08-04,-0.01682542517848873
2021-08-05,-0.023657149641663877
2021-08-06,-0.02234510404923362
2021-08-09,-0.023291889593699322
2021-08-10,-0.03061911500893877
2021-08-11,-0.02886746124145545
2021-08-12,-0.022049694110834572
2021-08-13,-0.03108108729021175
2021-08-16,-0.05602781934301371
2021-08-17,-0.056820472543645084
2021-08-18,-0.05632385369794912
2021-08-19,-0.0463227130341578
2021-08-20,-0.04526335934488812
2021-08-23,-0.05225558195103186
2021-08-24,-0.04249182167635257
2021-08-25,-0.04666671513295939
2021-08-26,-0.05087448532735239
2021-08-27,-0.04451984848356161
2021-08-30,-0.047030301964058885
2021-08-31,-0.05030923570232759
2021-09-01,-0.060559274231209326
2021-09-02,-0.06105029968003084
2021-09-03,-0.06716090714483836
2021-09-06,-0.06484762068324701
2021-09-08,-0.07321029705061477
2021-09-09,-0.08523977429184482
2021-09-10,-0.08597027123692702
2021-09-13,-0.08216378174652894
2021-09-14,-0.088937554378129
2021-09-15,-0.0933659278070389
2021-09-16,-0.10258069499800593
2021-09-17,-0.11511590320672382
2021-09-20,-0.13061990054909656
2021-09-21,-0.1216061820720491
2021-09-22,-0.11728838993494861
2021-09-23,-0.11683386364948334
2021-09-24,-0.10078784113261319
2021-09-27,-0.09960729368727639
2021-09-28,-0.13051367081163212
2021-09-29,-0.1278359828041935
2021-09-30,-0.12875099908641574
2021-10-01,-0.12710968839152048
2021-10-04,-0.12971478909503553
2021-10-05,-0.13640682895521905
2021-10-06,-0.13352862889493722
2021-10-07,-0.13125946443588787
2021-10-08,-0.12919888561953485
2021-10-11,-0.132961161592009
2021-10-13,-0.13086063434555406
2021-10-14,-0.13707779072688997
2021-10-15,-0.13713125508837443
2021-10-18,-0.14154569782951987
2021-10-19,-0.14304901850845975
2021-10-20,-0.1398963210293055
2021-10-21,-0.14628901517938142
2021-10-22,-0.16152410076789703
2021-10-25,-0.1633260102147076
2021-10-26,-0.17120813181127315
2021-10-27,-0.17161269131726908
2021-10-28,-0.17171571107771677
2021-10-29,-0.1715117319520303
2021-11-01,-0.17109759251503065
2021-11-03,-0.17425560549568808
2021-11-04,-0.17951657844632263
2021-11-05,-0.1760352643014399
2021-11-08,-0.1760352643014399
2021-11-09,-0.1789198175939749
2021-11-10,-0.17790404275596083
2021-11-11,-0.17920332692492225
2021-11-12,-0.17872737563165397
2021-11-16,-0.17345326841716036
2021-11-17,-0.17436841989950613
2021-11-18,-0.17587169368461475
2021-11-19,-0.18055859647692996
2021-11-22,-0.18003311370276032
2021-11-23,-0.1782446586652554
2021-11-24,-0.17762956610005376
2021-11-25,-0.17614994101263304
2021-11-26,-0.17604692125218535
2021-11-29,-0.17179731346933624
2021-11-30,-0.17847698418372893
2021-12-01,-0.18383214224337063
2021-12-02,-0.18463887601356543
2021-12-03,-0.18431015253092387
2021-12-06,-0.18430419258970043
2021-12-07,-0.18280368240184897
2021-12-08,-0.18372915948622948
2021-12-09,-0.18205608397876993
2021-12-10,-0.18030525218954074
2021-12-13,-0.17893844443668072
2021-12-14,-0.17932790101141594
2021-12-15,-0.17025176315429325
2021-12-16,-0.17975936028855166
2021-12-17,-0.1796357365760145
2021-12-20,-0.19032918771048368
2021-12-21,-0.20654212552974172
2021-12-22,-0.20577218394118146
2021-12-23,-0.20788008098723765
2021-12-27,-0.20715821142511393
2021-12-28,-0.20014769920661113
2021-12-29,-0.1893940076549463
2021-12-30,-0.18672745680479175
2022-01-03,-0.1861693415105733
2022-01-04,-0.18740959771994758
2022-01-05,-0.19131640477947642
2022-01-06,-0.205278382788861
2022-01-07,-0.205278382788861
2022-01-10,-0.205278382788861
2022-01-11,-0.20763909939500313
2022-01-12,-0.205616747762139
2022-01-13,-0.20610133411409692
2022-01-14,-0.21485385203224805
2022-01-17,-0.2195381867678421
2022-01-18,-0.21546775100722093
2022-01-19,-0.21447432696828328
2022-01-20,-0.21699454059736478
2022-01-21,-0.2116320797565795
2022-01-24,-0.20713357264699073
2022-01-25,-0.2051868425006066
2022-01-26,-0.20567403180729105
2022-01-27,-0.20649993020128554
2022-01-28,-0.2065842134317013
2022-01-31,-0.20892930730411774
2022-02-01,-0.2108559572914187
2022-02-02,-0.21116887390405503
2022-02-03,-0.2147212214366908
2022-02-04,-0.21764707136315964
2022-02-07,-0.22031802816407875
2022-02-08,-0.21987187318046408
2022-02-09,-0.21916397130905174
2022-02-10,-0.21854421932484036
2022-02-11,-0.2190327600184272
2022-02-14,-0.22032005524443254
2022-02-15,-0.22093778014829024
2022-02-16,-0.22018614118000313
2022-02-17,-0.2144185427098375
2022-02-18,-0.21956638353951297
2022-02-21,-0.21858215330095465
2022-02-22,-0.2045602855468761
2022-02-23,-0.20986954958246895
2022-02-24,-0.19617902541039334
2022-02-25,-0.19617902541039334
2022-03-02,-0.19883851362297777
2022-03-03,-0.18986257964083542
2022-03-04,-0.19912883717463015
2022-03-07,-0.20083109941436206
2022-03-08,-0.19763945766190105
2022-03-09,-0.19666769562816544
2022-03-10,-0.19666769562816544
2022-03-11,-0.20101892062678206
2022-03-14,-0.19874828743475015
2022-03-15,-0.19958342107888638
2022-03-16,-0.20356249471143972
2022-03-17,-0.20519875803361554
2022-03-18,-0.20680160544580928
2022-03-21,-0.20680160544580928
2022-03-22,-0.2028134903473957
2022-03-23,-0.19681675562089906
2022-03-24,-0.20047707013731075
2022-03-25,-0.2040233561279351
2022-03-28,-0.1963511858720608
2022-03-29,-0.17202182857356574
2022-03-30,-0.18049871976095666
2022-03-31,-0.1756473042831309
2022-04-01,-0.1822298960910136
2022-04-04,-0.18244913478041458
2022-04-05,-0.1782279481683553
2022-04-06,-0.18399488332271896
2022-04-07,-0.18570681503657394
2022-04-08,-0.1825267630370433
2022-04-11,-0.1843457130876336
2022-04-12,-0.18245514507847083
2022-04-13,-0.18364149742956948
2022-04-14,-0.18194612228899187
2022-04-18,-0.18281535944838623
2022-04-19,-0.18281066428964077
2022-04-20,-0.18675104208404436
2022-04-22,-0.1828977283016021
2022-04-25,-0.18882929565086082
2022-04-26,-0.1907752934791347
2022-04-27,-0.1922379027864799
2022-04-28,-0.218023483684316
2022-04-29,-0.22317215993795048
2022-05-02,-0.22629550627376316
2022-05-03,-0.22989936743047013
2022-05-04,-0.22509365970549167
2022-05-05,-0.22509365970549167
2022-05-06,-0.23636146119479662
2022-05-09,-0.22739306297564676
2022-05-10,-0.22739306297564676
2022-05-11,-0.22739306297564676
2022-05-12,-0.22722371738597058
2022-05-13,-0.22720452662619306
2022-05-16,-0.22720452662619306
2022-05-17,-0.22579576514559518
2022-05-18,-0.2267227422996657
2022-05-19,-0.22800334816215062
2022-05-20,-0.22720552632853963
2022-05-23,-0.22694149348058656
2022-05-24,-0.22666381492451115
2022-05-25,-0.22434831011574385
2022-05-26,-0.2244132347320298
2022-05-27,-0.2245243191877112
2022-05-30,-0.22904889306370335
2022-05-31,-0.22907341732557784
2022-06-01,-0.23241874904547088
2022-06-02,-0.23293912434851682
2022-06-03,-0.23436500608974786
2022-06-06,-0.23508135420519383
2022-06-07,-0.23465006787418996
2022-06-08,-0.2348013690070908
2022-06-09,-0.23576276001735585
2022-06-10,-0.2377761829668935
2022-06-13,-0.24991082860045832
2022-06-14,-0.24918876323335526
2022-06-15,-0.24750350005440747
2022-06-17,-0.24905273766573977
2022-06-20,-0.24868919462902261
2022-06-21,-0.2517788618375535
2022-06-22,-0.2558848993176428
2022-06-23,-0.25501451730910507
2022-06-24,-0.25454946467893114
2022-06-27,-0.24902975748069855
2022-06-28,-0.2504474887929551
2022-06-29,-0.24762047305613444
2022-06-30,-0.2571628797896628
2022-07-01,-0.2556881265823756
2022-07-04,-0.2564987564459382
2022-07-05,-0.2572542315017592
2022-07-06,-0.25790272194503594
2022-07-07,-0.25917400039229677
2022-07-08,-0.2600656849257743
2022-07-11,-0.2608244001085577
2022-07-12,-0.2627082061565633
2022-07-13,-0.2622555691223706
2022-07-14,-0.2595722597427105
2022-07-15,-0.25868868962394476
2022-07-18,-0.2578244761617081
2022-07-19,-0.2575187679963935
2022-07-20,-0.2561160123266698
2022-07-21,-0.25579028569479756
2022-07-22,-0.2534023512582636
2022-07-25,-0.250547204793511
2022-07-26,-0.2624359873150428
2022-07-27,-0.2576849267070218
2022-07-28,-0.2590551443824999
2022-07-29,-0.26136678985544914
2022-08-01,-0.2628491998676441
2022-08-02,-0.2621310078328193
2022-08-03,-0.25601379592845763
2022-08-04,-0.2545529923257136
2022-08-05,-0.2540765081353351
2022-08-08,-0.25306859689665506
2022-08-09,-0.25365248368253923
2022-08-10,-0.2523108785884579
2022-08-11,-0.26391754233179376
2022-08-12,-0.2624295601733545
2022-08-15,-0.26110771821595946
2022-08-16,-0.2621545695610241
2022-08-17,-0.2642246551616497
2022-08-18,-0.26355604324665827
2022-08-19,-0.2684230304620464
2022-08-22,-0.26605956137432696
2022-08-23,-0.27963326340232786
2022-08-24,-0.2801085988050943
2022-08-25,-0.2760327257877556
2022-08-26,-0.2779454444586119
2022-08-29,-0.2640144763069907
2022-08-30,-0.26558718100798173
2022-08-31,-0.26281649887411995
2022-09-01,-0.26085507346098025
2022-09-02,-0.2629199739739604
2022-09-05,-0.2667345899061069
2022-09-06,-0.2708716023227842
2022-09-08,-0.27093621175069327
2022-09-09,-0.2709450970268711
2022-09-12,-0.2692737954399397
2022-09-13,-0.27894296349025005
2022-09-14,-0.2786582479160691
2022-09-15,-0.2824346909403336
2022-09-16,-0.28939861932463584
2022-09-19,-0.28946895719438703
2022-09-20,-0.2864781504734113
2022-09-21,-0.28926293062092234
2022-09-22,-0.2924272880805775
2022-09-23,-0.29565124263542397
2022-09-26,-0.29370521937593685
2022-09-27,-0.2942859433159528
2022-09-28,-0.29300639555158337
2022-09-29,-0.28994875011643906
2022-09-30,-0.288944755047007
2022-10-03,-0.28032823956907416
2022-10-04,-0.2732638883215319
2022-10-05,-0.2700736351022698
2022-10-06,-0.27497214382847757
2022-10-07,-0.27699022333291445
2022-10-10,-0.2761308477488087
2022-10-11,-0.28402694546816376
2022-10-13,-0.2780972851207387
2022-10-14,-0.2833834517686379
2022-10-17,-0.2779680119196958
2022-10-18,-0.28436691347845544
2022-10-19,-0.28378347266264414
2022-10-20,-0.2847181514428352
2022-10-21,-0.27900625817028357
2022-10-24,-0.28082799373971334
2022-10-25,-0.2830489098024245
2022-10-26,-0.2988776308301401
2022-10-27,-0.2951051504306065
2022-10-28,-0.29259288536202344
2022-10-31,-0.290419563365083
2022-11-01,-0.28667055102344885
2022-11-03,-0.28528752793448675
2022-11-04,-0.2908609843260229
2022-11-07,-0.29725715129087094
2022-11-08,-0.2912967231636303
2022-11-09,-0.293676335713821
2022-11-10,-0.30597768588964225
2022-11-11,-0.31400096297087343
2022-11-14,-0.3066057012309289
2022-11-16,-0.3062573704109798
2022-11-17,-0.28048117700023123
2022-11-18,-0.28048117700023123
2022-11-21,-0.28048117700023123
2022-11-22,-0.28345574476573976
2022-11-23,-0.27813071899994457
2022-11-24,-0.2765186951786367
2022-11-25,-0.2765186951786367
2022-11-28,-0.27788092192585123
2022-11-29,-0.2720002270865187
2022-11-30,-0.2739068121111369
2022-12-01,-0.27176190395844135
2022-12-02,-0.2765865640081059
2022-12-05,-0.2850327411744612
2022-12-06,-0.2855093874306157
2022-12-07,-0.2894164889758475
2022-12-08,-0.2943233934924846
2022-12-09,-0.28962308811212145
2022-12-12,-0.29353010644637423
2022-12-13,-0.295947770916526
2022-12-14,-0.29615166085522426
2022-12-15,-0.29819597863735847
2022-12-16,-0.2965965831195755
2022-12-19,-0.29305616938779533
2022-12-20,-0.28979122117104705
2022-12-21,-0.29044274257167224
2022-12-22,-0.28938615049122607
2022-12-23,-0.29010111987545795
2022-12-26,-0.28442597180615237
2022-12-27,-0.2839723595871566
2022-12-28,-0.26016198901567866
2022-12-29,-0.26463908576292905
2023-01-02,-0.2666270281194345
2023-01-03,-0.26856529485695946
2023-01-04,-0.26811259549160116
2023-01-05,-0.26856529485695946
2023-01-06,-0.26856529485695946
2023-01-09,-0.2669008469191738
2023-01-10,-0.2650900494577403
2023-01-11,-0.26632808084008364
2023-01-12,-0.2694969763975922
2023-01-13,-0.2694969763975922
2023-01-16,-0.27766436119349514
2023-01-17,-0.28154798671868353
2023-01-18,-0.2810952873533251
2023-01-19,-0.2801898886226084
2023-01-20,-0.28200068608404194
2023-01-23,-0.2754011233556376
2023-01-24,-0.277211920817071
2023-01-25,-0.2767592214517126
2023-01-26,-0.2758538227209959
2023-01-27,-0.261292675011375
2023-01-30,-0.2578473210903276
2023-01-31,-0.2583000204556859
2023-02-01,-0.2573946217249692
2023-02-02,-0.2573946217249692
2023-02-03,-0.2592054191864026
2023-02-06,-0.26101621664783625
2023-02-07,-0.2610764888711339
2023-02-08,-0.2642453844286424
2023-02-09,-0.26146891601319455
2023-02-10,-0.26237431474391126
2023-02-13,-0.2585767377126733
2023-02-14,-0.25659527923344805
2023-02-15,-0.2570675233495545
2023-02-16,-0.2570675233495545
2023-02-17,-0.2522276549807252
2023-02-22,-0.2525844453347953
2023-02-23,-0.2549456659153282
2023-02-24,-0.25352893356700845
2023-02-27,-0.2544734217992217
2023-02-28,-0.2549456659153282
2023-03-01,-0.25589015414754135
2023-03-02,-0.2568346423797545
2023-03-03,-0.26016861977816486
2023-03-06,-0.26585640730736526
2023-03-07,-0.2649119190751521
2023-03-08,-0.26963474371141327
2023-03-09,-0.2705792319436263
2023-03-10,-0.271051476059733
2023-03-13,-0.2738849407563724
2023-03-14,-0.28710164826191775
2023-03-15,-0.2893358484442059
2023-03-16,-0.29324569876320994
2023-03-17,-0.2893358484442059
2023-03-20,-0.294362798854354
2023-03-21,-0.294362798854354
2023-03-22,-0.30203910276534385
2023-03-23,-0.3031562028564878
2023-03-24,-0.29077622085399757
2023-03-27,-0.2998274398256817
2023-03-28,-0.30155752823597337
2023-03-29,-0.30155752823597337
2023-03-30,-0.3004404281448293
2023-03-31,-0.30267462832711745
2023-04-03,-0.3238478318419983
2023-04-04,-0.32686387938094574
2023-04-05,-0.32686387938094574
2023-04-06,-0.31652245386705447
2023-04-10,-0.3087420648439404
2023-04-11,-0.3081632437967321
2023-04-12,-0.3087116079672524
2023-04-13,-0.307071098624515
2023-04-14,-0.3064922775773068
2023-04-17,-0.30880756176613977
2023-04-18,-0.3076499196717233
2023-04-19,-0.30880756176613977
2023-04-20,-0.3088267525259172
2023-04-24,-0.26031838643771343
2023-04-25,-0.27093418737309805
2023-04-26,-0.27093418737309805
2023-04-27,-0.25187639538991136
2023-04-28,-0.26225033090262373
2023-05-02,-0.2839995117225437
2023-05-03,-0.28690410642863073
2023-05-04,-0.287204610311688
2023-05-05,-0.2869123019890777
2023-05-08,-0.2869123019890777
2023-05-09,-0.2900787773523611
2023-05-10,-0.29718515890259556
2023-05-11,-0.29718515890259556
2023-05-12,-0.2999388185765972
2023-05-15,-0.3028375346854859
2023-05-16,-0.3087271881298441
2023-05-17,-0.3499487716927072
2023-05-18,-0.3534752837513445
2023-05-19,-0.35788735095191604
2023-05-22,-0.354500623116339
2023-05-23,-0.35080954790110563
2023-05-24,-0.3504623680855987
2023-05-25,-0.34817112835154074
2023-05-26,-0.34772463225045136
2023-05-29,-0.3507171825920834
2023-05-30,-0.3486667788914365
2023-05-31,-0.3506102499237048
2023-06-01,-0.3491223769940557
2023-06-02,-0.34482724547918964
2023-06-05,-0.348652161537775
2023-06-06,-0.3475709371344258
2023-06-07,-0.34536697016386364
2023-06-09,-0.3458356974213951
2023-06-12,-0.34854982191700146
2023-06-13,-0.3495470368252592
2023-06-14,-0.3493578712469476
2023-06-15,-0.34782135533544245
2023-06-16,-0.34887011264002776
2023-06-19,-0.35081974742132394
2023-06-20,-0.3521709368539827
2023-06-21,-0.3507286521120898
2023-06-22,-0.3508933779765202
2023-06-23,-0.3505166120541635
2023-06-26,-0.3507351521647397
2023-06-27,-0.35215041392938073
2023-06-28,-0.3536670358420214
2023-06-29,-0.3522517740773804
2023-06-30,-0.3402050619766165
2023-07-03,-0.34277303791235714
2023-07-04,-0.3467970583942045
2023-07-05,-0.3494117950248353
2023-07-06,-0.35076987497459433
2023-07-07,-0.34721871708122765
2023-07-10,-0.34822431544288346
2023-07-11,-0.34783980513734536
2023-07-12,-0.3482651397282086
2023-07-13,-0.34805725154438405
2023-07-14,-0.3472907162179065
2023-07-17,-0.34711055762688536
2023-07-18,-0.3487700503145298
2023-07-19,-0.3485371002440154
2023-07-20,-0.35109910851604065
2023-07-21,-0.33635877626565347
2023-07-24,-0.33509766612850533
2023-07-25,-0.33508121738819097
2023-07-26,-0.3360104185725207
2023-07-27,-0.3485871804151366
2023-07-28,-0.34487578053850143
2023-07-31,-0.34465395074861416
2023-08-01,-0.34810722504413705
2023-08-02,-0.3496420183263671
2023-08-03,-0.3604166490689895
2023-08-04,-0.36350675588837467
2023-08-07,-0.3727943053614484
2023-08-08,-0.3683741616140408
2023-08-09,-0.364497628138991
2023-08-10,-0.3632772510764104
2023-08-11,-0.361651910998702
2023-08-14,-0.36190061261658535
2023-08-15,-0.35390089083801
2023-08-16,-0.3536306529514782
2023-08-17,-0.35336041506494653
2023-08-18,-0.35480168379311583
2023-08-21,-0.3562351939628636
2023-08-22,-0.357668627097094
2023-08-23,-0.34959569123878653
2023-08-24,-0.3521497965446073
2023-08-25,-0.35142916218052267
2023-08-28,-0.34825916054490147
2023-08-29,-0.34604634866711514
2023-08-30,-0.3407982622451935
2023-08-31,-0.34115857942723593
2023-09-01,-0.34377087899704295
2023-09-04,-0.34088834154070413
2023-09-05,-0.34088834154070413
2023-09-06,-0.34256324442193187
2023-09-08,-0.3380420533536519
2023-09-11,-0.3380420533536519
2023-09-12,-0.3442204446890492
2023-09-13,-0.3442204446890492
2023-09-14,-0.3442204446890492
2023-09-15,-0.3365441407780595
2023-09-18,-0.3365441407780595
2023-09-19,-0.3365441407780595
2023-09-20,-0.3365441407780595
2023-09-21,-0.3365441407780595
2023-09-22,-0.3365260512301612
2023-09-25,-0.3419529155996571
2023-09-26,-0.3419529155996571
2023-09-27,-0.34278180062884167
2023-09-28,-0.34278180062884167
2023-09-29,-0.3492811560553285
2023-10-02,-0.3495825687932139
2023-10-03,-0.35041145382239847
2023-10-04,-0.35269238450247087
2023-10-05,-0.3710063208132598
2023-10-06,-0.3710063208132598
2023-10-09,-0.3710063208132598
2023-10-10,-0.3691973660234278
2023-10-11,-0.3756290264809167
2023-10-13,-0.37525226055856
2023-10-16,-0.37525226055856
2023-10-17,-0.37186136725735
2023-10-18,-0.3713669060082909
2023-10-19,-0.36957832646457955
2023-10-20,-0.3748530493775728
2023-10-23,-0.3748530493775728
2023-10-24,-0.3748530493775728
2023-10-25,-0.37491062165690525
2023-10-26,-0.37491062165690525
2023-10-27,-0.37491062165690525
2023-10-30,-0.37491062165690525
2023-10-31,-0.37491062165690525
2023-11-01,-0.37491062165690525
2023-11-03,-0.37299518439113233
2023-11-06,-0.37299518439113233
2023-11-07,-0.37299518439113233
2023-11-08,-0.37299518439113233
2023-11-09,-0.373145890760075
2023-11-10,-0.373145890760075
2023-11-13,-0.3711500517432176
2023-11-14,-0.3711500517432176
2023-11-16,-0.37216680903983423
2023-11-17,-0.37216680903983423
2023-11-20,-0.37216680903983423
2023-11-21,-0.37216680903983423
2023-11-22,-0.37216680903983423
2023-11-23,-0.37216680903983423
2023-11-24,-0.37216680903983423
2023-11-27,-0.37906111472521486
2023-11-28,-0.37906111472521486
2023-11-29,-0.37906111472521486
2023-11-30,-0.37981464656992825
2023-12-01,-0.3813217102593549
2023-12-04,-0.37906111472521486
2023-12-05,-0.3734096258898649
2023-12-06,-0.3789857615407436
2023-12-07,-0.3789857615407436
2023-12-08,-0.3755100950394409
2023-12-11,-0.3755100950394409
2023-12-12,-0.3785995756027656
2023-12-13,-0.3785995756027656
2023-12-14,-0.3785995756027656
2023-12-15,-0.37731857146675285
2023-12-18,-0.3696325466506769
2023-12-19,-0.3696325466506769
2023-12-20,-0.37132889563104177
2023-12-21,-0.3772817972042771
2023-12-22,-0.3794670395539458
2023-12-26,-0.38820597001714985
2023-12-27,-0.3880552636482072
2023-12-28,-0.38692496588113723
2024-01-02,-0.38617143403642384
2024-01-03,-0.38142418341472994
2024-01-04,-0.38617143403642384
2024-01-05,-0.3943433599493087
2024-01-08,-0.38712563033787917
2024-01-09,-0.39545789054572855
2024-01-10,-0.39644039305938117
2024-01-11,-0.39644039305938117
2024-01-12,-0.39836156596659966
2024-01-15,-0.39162918095077615
2024-01-16,-0.39182470414603676
2024-01-17,-0.39182470414603676
2024-01-18,-0.39200594687313284
2024-01-19,-0.39547219335881423
2024-01-22,-0.3828144300437446
2024-01-23,-0.3828144300437446
2024-01-24,-0.3828144300437446
2024-01-25,-0.3828144300437446
2024-01-26,-0.381309629244752
2024-01-29,-0.38312205651571274
2024-01-30,-0.3903089400337544
2024-01-31,-0.38572547903119214
2024-02-01,-0.38743696186594956
2024-02-02,-0.3908599275354643
2024-02-05,-0.39249699807305827
2024-02-06,-0.38974374307801385
2024-02-07,-0.38736254956878624
2024-02-08,-0.3886275586205634
2024-02-09,-0.3862463651113358
2024-02-14,-0.3869904880829693
2024-02-15,-0.38508475903037753
2024-02-16,-0.3808871269247206
2024-02-19,-0.37992832067886184
2024-02-20,-0.3852630847386018
2024-02-21,-0.37892657510190175
2024-02-22,-0.3757503600142488
2024-02-23,-0.38006251208575514
2024-02-26,-0.3788582938866827
2024-02-27,-0.3746693982271222
2024-02-28,-0.37371653370082636
2024-02-29,-0.3727034545571166
2024-03-01,-0.36890111043811225
2024-03-04,-0.368036980441261
2024-03-05,-0.3624608210155066
2024-03-06,-0.37103628652595066
2024-03-07,-0.37030073825321486
2024-03-08,-0.3725834742720501
2024-03-11,-0.38081476940198533
2024-03-12,-0.3818039550101473
2024-03-13,-0.3771407268116477
2024-03-14,-0.3771407268116477
2024-03-15,-0.3738916961597365
2024-03-18,-0.3743989708305887
2024-03-19,-0.38047830542567984
2024-03-20,-0.3753419506367256
2024-03-21,-0.3756353157148823
2024-03-22,-0.3768766286337102
2024-03-25,-0.3788701062175748
2024-03-26,-0.3785767411394181
2024-03-27,-0.3779166697135651
2024-03-28,-0.3785163658426933
2024-04-01,-0.38000164586963037
2024-04-02,-0.38066171729548315
2024-04-03,-0.38073505856502243
2024-04-04,-0.38320889654460644
2024-04-05,-0.3863136504398177
2024-04-08,-0.3821111145801438
2024-04-09,-0.39110027338287257
2024-04-10,-0.3956663640055291
2024-04-11,-0.3975732370135484
2024-04-12,-0.40013832340631517
2024-04-15,-0.38512396501101787
2024-04-16,-0.38077789819697894
2024-04-17,-0.3809136034093801
2024-04-18,-0.3820137224524681
2024-04-19,-0.3837312170133975
2024-04-22,-0.3863817622952178
2024-04-23,-0.3964142306189935
2024-04-24,-0.38189576153820515
2024-04-25,-0.3816757377295874
2024-04-26,-0.3801355710692642
2024-04-29,-0.378962110756637
2024-04-30,-0.3803609308680378
2024-05-02,-0.38369214585711386
2024-05-03,-0.3814080572883132
2024-05-06,-0.3821157149372837
2024-05-07,-0.38349014213065946
2024-05-08,-0.38147943676851015
2024-05-09,-0.3823109647396713
2024-05-10,-0.37507318841474035
2024-05-13,-0.37411975191073055
2024-05-14,-0.3747898614822902
2024-05-15,-0.3741254466280066
2024-05-16,-0.38513314628762163
2024-05-17,-0.3852181665536081
2024-05-20,-0.3852112170681188
2024-05-21,-0.38359577872562034
2024-05-22,-0.3854263183245148
2024-05-23,-0.38623799484166765
2024-05-24,-0.3847663434192937
2024-05-27,-0.38461377312167566
2024-05-28,-0.38557792341581476
2024-05-29,-0.38719635389789886
2024-05-31,-0.3841179509898882
2024-06-03,-0.3830970467271635
2024-06-04,-0.38973704961016975
2024-06-05,-0.4022718009257097
2024-06-06,-0.41760203280706243
2024-06-07,-0.4297369801940748
2024-06-10,-0.44262210458378093
2024-06-11,-0.4436503768061757
2024-06-12,-0.4477579584082544
2024-06-13,-0.447207721620437
2024-06-14,-0.4506839550102375
2024-06-17,-0.4554154547704452
2024-06-18,-0.4601258515134652
2024-06-19,-0.4580854760879728
2024-06-20,-0.4627820536919508
2024-06-21,-0.4609672523467504
2024-06-24,-0.4599074376785426
2024-06-25,-0.4532904595368733
2024-06-26,-0.4514808933538422
2024-06-27,-0.4501039340618822
2024-06-28,-0.4583235937746436
2024-07-01,-0.44531869696785387
2024-07-02,-0.44669306178814483
2024-07-03,-0.4537636718237067
2024-07-04,-0.4537636718237067
2024-07-05,-0.45155054945302275
2024-07-08,-0.44857904247249347
2024-07-09,-0.4396172241879627
2024-07-10,-0.43972057157222233
2024-07-11,-0.4400948473368579
2024-07-12,-0.43989674687148916
2024-07-15,-0.4400948473368579
2024-07-16,-0.44169103983243674
2024-07-17,-0.44496321664728744
2024-07-18,-0.4476906839470999
2024-07-19,-0.45155859190363223
2024-07-22,-0.44997378818068334
2024-07-23,-0.4535468102017439
2024-07-24,-0.4537219410594384
2024-07-25,-0.45273143873259536
2024-07-26,-0.45094853454427775
2024-07-29,-0.45411814199017575
2024-07-30,-0.45431624245554436
2024-07-31,-0.45451434292091286
2024-08-01,-0.433780331375635
2024-08-02,-0.43675183835616427
2024-08-05,-0.44577135793886435
2024-08-06,-0.4349335414942692
2024-08-07,-0.43432892843020254
2024-08-08,-0.4333212399900912
2024-08-09,-0.4339740784054681
2024-08-12,-0.4355863799096459
2024-08-13,-0.4455309370672239
2024-08-14,-0.44674016319535725
2024-08-15,-0.4497978239677789
2024-08-16,-0.4595694228478129
2024-08-19,-0.45674789521550163
2024-08-20,-0.46747975109789863
2024-08-21,-0.46383076969440973
2024-08-22,-0.4748832975623565
2024-08-23,-0.462621028627201
2024-08-26,-0.463167004354734
2024-08-27,-0.4631636117135375
2024-08-28,-0.4604800248521961
2024-08-29,-0.45624773340372926
2024-08-30,-0.44798468819481785
2024-09-02,-0.40972580874622877
2024-09-03,-0.4031173871515955
2024-09-04,-0.39778474026974064
2024-09-05,-0.40015656584297066
2024-09-06,-0.40954105229171134
2024-09-09,-0.4106155510524464
2024-09-10,-0.42103604444768694
2024-09-11,-0.4277430052610557
2024-09-12,-0.4271467687042336
2024-09-13,-0.4271467687042336
2024-09-16,-0.4271467687042336
2024-09-17,-0.42940837112491215
2024-09-18,-0.42940837112491215
2024-09-19,-0.43000352965666966
2024-09-20,-0.3605598660029782
2024-09-23,-0.37154420795109744
2024-09-24,-0.36383349375079443
2024-09-25,-0.36053278055726024
2024-09-26,-0.36449363638950116
2024-09-27,-0.35750991070387406
2024-09-30,-0.3634511944522355
2024-10-01,-0.3588106607329594
2024-10-02,-0.3590647016773749
2024-10-03,-0.35917357636783886
2024-10-04,-0.3594276173122545
2024-10-07,-0.3636058613145905
2024-10-08,-0.3636058613145905
2024-10-09,-0.36176044835630516
2024-10-10,-0.3613975327214256
2024-10-11,-0.3632121108958234
2024-10-14,-0.3632121108958233
2024-10-15,-0.3611448426973064
2024-10-16,-0.36147044870325684
2024-10-17,-0.35901881660311963
2024-10-18,-0.36681653947107973
2024-10-21,-0.3670053774931705
2024-10-22,-0.3671498513558742
2024-10-23,-0.36767624618069494
2024-10-24,-0.3663169157852857
2024-10-25,-0.37863599782529866
2024-10-28,-0.37701852488516097
2024-10-29,-0.37818203966021036
2024-10-30,-0.3758957093130283
2024-10-31,-0.3776301569663283
2024-11-01,-0.37878781210060786
2024-11-04,-0.37934303728235674
2024-11-05,-0.3784309251904109
2024-11-06,-0.37303563384748784
2024-11-07,-0.37303563384748784
2024-11-08,-0.3541007031129506
2024-11-11,-0.3541007031129506
2024-11-12,-0.3698553663989763
2024-11-13,-0.3698553663989763
2024-11-14,-0.3711488237913203
2024-11-18,-0.3730890098798364
2024-11-19,-0.36879230544238895
2024-11-21,-0.36879230544238895
2024-11-22,-0.37227596151977116
2024-11-25,-0.35191977375539163
2024-11-26,-0.3557899593715599
2024-11-27,-0.35693363035905035
2024-11-28,-0.3627483988898603
2024-11-29,-0.3718026006362687
2024-12-02,-0.3718026006362687
2024-12-03,-0.36967537306013043
2024-12-04,-0.3659133469942145
2024-12-05,-0.36664140579196813
2024-12-06,-0.36338162734547974
2024-12-09,-0.37349549563807527
2024-12-10,-0.3819565222035428
2024-12-11,-0.3532368393888635
2024-12-12,-0.35102620769603754
2024-12-13,-0.35381954378489544
2024-12-16,-0.3503523279482129
2024-12-17,-0.3604712832994783
2024-12-18,-0.3661043693682732
2024-12-19,-0.37576146090684137
2024-12-20,-0.37697140642785465
2024-12-23,-0.37846057014602497
2024-12-26,-0.37855364287841065
2024-12-27,-0.3687810059779182
2024-12-30,-0.3737436223969508
2025-01-02,-0.3740618967997247
2025-01-03,-0.3740618967997247
2025-01-06,-0.4010370191210627
2025-01-07,-0.4010370191210627
2025-01-08,-0.40138012041730997
2025-01-09,-0.40138012041730997
2025-01-10,-0.40138012041730997
2025-01-13,-0.40138012041730986
2025-01-14,-0.401057792197242
2025-01-15,-0.4007940455485085
2025-01-16,-0.3986508481130846
2025-01-17,-0.40171072479480796
2025-01-20,-0.4052512056808534
2025-01-21,-0.4018819233738242
2025-01-22,-0.4010509736478467
2025-01-23,-0.39971609581230505
2025-01-24,-0.40125050695659714
2025-01-27,-0.40290277317268275
2025-01-28,-0.40023396009888046
2025-01-29,-0.39963286117193497
2025-01-30,-0.398217325314302
2025-01-31,-0.38400387035144534
2025-02-03,-0.37507340622563623
2025-02-04,-0.38253324350128437
2025-02-05,-0.38321328601745064
2025-02-06,-0.3788285323395647
2025-02-07,-0.38106736593096824
2025-02-10,-0.36977231672585464
2025-02-11,-0.3808320926210482
2025-02-12,-0.38475738615009136
2025-02-13,-0.3816848248416864
2025-02-14,-0.38255711229258493
2025-02-17,-0.38850122432738565
2025-02-18,-0.3914498790849781
2025-02-19,-0.38882274396447425
2025-02-20,-0.37880948267761516
2025-02-21,-0.3808226987919461
2025-02-24,-0.3790752957709427
2025-02-25,-0.3732973317528856
2025-02-26,-0.370221998921327
2025-02-27,-0.3689584429518915
2025-02-28,-0.3685976477220254
2025-03-05,-0.37336735076159944
2025-03-06,-0.3729826897697144
2025-03-07,-0.3671243848205138
2025-03-10,-0.37786668891735953
2025-03-11,-0.3795296162614318
2025-03-12,-0.37878246746620536
2025-03-13,-0.3870814323626407
2025-03-14,-0.3824274463310361
2025-03-17,-0.382427446331036
2025-03-18,-0.374644358452486
2025-03-19,-0.3726033368266545
2025-03-20,-0.3734953587057399
2025-03-21,-0.3724729656718949
2025-03-24,-0.370909852913483
2025-03-25,-0.3800368522471014
2025-03-26,-0.368733028959345
2025-03-27,-0.36661253988770603
2025-03-28,-0.3546115066429907
2025-03-31,-0.3518135491969807
2025-04-01,-0.34133176932976594
2025-04-02,-0.3427169609693701
2025-04-03,-0.34475234483454287
2025-04-04,-0.3519235043260286
2025-04-07,-0.35412460286673386
2025-04-08,-0.3530367217789365
2025-04-09,-0.35917327432587765
2025-04-10,-0.35280687764911545
2025-04-11,-0.351404893137106
2025-04-14,-0.3499347121751032
2025-04-15,-0.3388167646248237
2025-04-16,-0.3428877560695236
2025-04-17,-0.3427450383931707
2025-04-22,-0.3380417580018408
2025-04-23,-0.34114353488413773
2025-04-24,-0.3406606465989708
2025-04-25,-0.34199795571978564
2025-04-28,-0.3366597710134551
2025-04-29,-0.33456688584157523
2025-04-30,-0.3273018365660627
2025-05-02,-0.3077230924392552
2025-05-05,-0.31036781713442574
2025-05-06,-0.31110650500136183
2025-05-07,-0.3091004000560865
2025-05-08,-0.3037333626958192
2025-05-09,-0.30895129918342
2025-05-12,-0.306298530329422
2025-05-13,-0.30468230506587
2025-05-14,-0.30322758319045073
2025-05-15,-0.3115535919772908
2025-05-16,-0.31747711322409955
2025-05-19,-0.3164439738812973
2025-05-20,-0.3164352472899459
2025-05-21,-0.3203714990631802
2025-05-22,-0.32452024200690033
2025-05-23,-0.32276391264259685
2025-05-26,-0.31885539606109814
2025-05-27,-0.3196759285792785
2025-05-28,-0.32572885076799485
2025-05-29,-0.3245377067666726
2025-05-30,-0.32448907615061573
2025-06-02,-0.3208052613271122
2025-06-03,-0.31497871922262544
2025-06-04,-0.31535493059145425
2025-06-05,-0.3171302732380019
2025-06-06,-0.3099504689394823
2025-06-09,-0.2898637253971095
2025-06-10,-0.285059799860648
2025-06-11,-0.30189061316035615
2025-06-12,-0.30101638699998035
2025-06-13,-0.30203537092435984
2025-06-16,-0.29816610852485326
2025-06-17,-0.2901192694332613
2025-06-18,-0.2912667504616653
2025-06-20,-0.29321876306157
2025-06-23,-0.2938721677003028
2025-06-24,-0.30029833832043296
2025-06-25,-0.31122615937792275
2025-06-26,-0.3125744807406887
2025-06-27,-0.312832827088675
2025-06-30,-0.33111416414589634
2025-07-01,-0.33146622437756035
2025-07-02,-0.3353301131349329
2025-07-03,-0.3467256414017985
2025-07-04,-0.3455265696331745
2025-07-07,-0.34848132552514455
2025-07-08,-0.3498442923892817
2025-07-09,-0.35400229243219306
2025-07-10,-0.35570177357742927
2025-07-11,-0.34577345148807004
2025-07-14,-0.344735956459422
2025-07-15,-0.3436078218376484
2025-07-16,-0.3462068836979477
2025-07-17,-0.35079596618711095
2025-07-18,-0.3560320389915518
2025-07-21,-0.35370976400340204
2025-07-22,-0.3510319677196502
2025-07-23,-0.34843536025873256
2025-07-24,-0.3420210655169872
2025-07-25,-0.34010894694606497
2025-07-28,-0.3113297770552763
2025-07-29,-0.30576596034351433
2025-07-30,-0.3127308130744083
2025-07-31,-0.3259817141259097
2025-08-01,-0.32764285626399636
2025-08-04,-0.32994782953755397
2025-08-05,-0.32535714723803777
2025-08-06,-0.3224273956499838
2025-08-07,-0.33008885611782035
2025-08-08,-0.3063156969806189
2025-08-11,-0.29419174202225906
2025-08-12,-0.2901592679414672
2025-08-13,-0.2674698623640639
2025-08-14,-0.26845948856938895
2025-08-15,-0.23785541908928765
2025-08-18,-0.23328389569520624
2025-08-19,-0.24132380803251074
2025-08-20,-0.24098698886004521
2025-08-21,-0.2407918423147749
2025-08-22,-0.23733831067542177
2025-08-25,-0.22719394922217995
2025-08-26,-0.22682780200976893
2025-08-27,-0.22391960713104286
2025-08-28,-0.2576998870997004
2025-08-29,-0.25495474248696404
2025-09-01,-0.25423272000140007
2025-09-02,-0.2521718794214193
2025-09-03,-0.256989082098555
2025-09-04,-0.255197926191548
2025-09-05,-0.2583513399142352
2025-09-08,-0.2562544454345541
2025-09-09,-0.2599253021502653
2025-09-10,-0.25967246214258344
2025-09-11,-0.2621311277048003
2025-09-12,-0.26458850821584023
2025-09-15,-0.263364827145797
2025-09-16,-0.2668158411433915
2025-09-17,-0.26141772125860574
2025-09-18,-0.2625987800175915
2025-09-19,-0.26226784162091665
2025-09-22,-0.2662108401349207
2025-09-23,-0.26312460816691907
2025-09-24,-0.26580294186293385
2025-09-25,-0.2694298571997039
2025-09-26,-0.27200442157589344
2025-09-29,-0.2820104658796606
2025-09-30,-0.2843198173561947
2025-10-01,-0.2881330785042445
2025-10-02,-0.28963734265902363
2025-10-03,-0.29913568017480596
2025-10-06,-0.30871101414592184
2025-10-07,-0.3143088003887078
2025-10-08,-0.3158286569640817
2025-10-09,-0.31635019062123304
2025-10-10,-0.3207464128324322
2025-10-13,-0.3198747931047552
2025-10-14,-0.3207232722198431
2025-10-15,-0.3209566073801021
2025-10-16,-0.3271706142237484
2025-10-17,-0.33913246650149687
2025-10-20,-0.34083941202086887
2025-10-21,-0.34191395806856484
2025-10-22,-0.3405932810614989
2025-10-23,-0.34039893545382516
2025-10-24,-0.340642808330999
2025-10-27,-0.33927802345170344
2025-10-28,-0.33889682049437986
2025-10-29,-0.3355868589627662
2025-10-30,-0.33594739942006957
2025-10-31,-0.3354724494648327
2025-11-03,-0.3262136508588288
2025-11-04,-0.3270920227406001
2025-11-05,-0.31148967100982705
2025-11-06,-0.3113730034296974
2025-11-07,-0.3114065735850121
2025-11-10,-0.3101923275187869
2025-11-11,-0.3150369461582422
2025-11-12,-0.3190664185676956
2025-11-13,-0.3133825746379659
2025-11-14,-0.31394661947421565
2025-11-17,-0.31522318860905196
2025-11-18,-0.31622201363377356
2025-11-19,-0.31469635105693927
2025-11-21,-0.3112138786339921
2025-11-24,-0.3112373228061772
2025-11-25,-0.3188393217078459
2025-11-26,-0.31428134740835645
2025-11-27,-0.31461885542726
2025-11-28,-0.28500383307571064
2025-12-01,-0.2862001650231806
2025-12-02,-0.27632081473459325
2025-12-03,-0.27811581206256375
2025-12-04,-0.27463542975695865
2025-12-05,-0.2837219962419607
2025-12-08,-0.2837219962419607
2025-12-09,-0.29674826860963677
2025-12-10,-0.2927351122270435
2025-12-11,-0.30237920716137456
2025-12-12,-0.3063836554241589
2025-12-15,-0.31069829206467037
2025-12-16,-0.3093527492028003
2025-12-17,-0.3178787331500561
2025-12-18,-0.32726131262785574
2025-12-19,-0.3364788812702043
2025-12-22,-0.33025536922990406
2025-12-23,-0.3131701569321297
2025-12-26,-0.2996064897595434
2025-12-29,-0.3059573077048693
2025-12-30,-0.2853829550311
2026-01-02,-0.2305955505975994
2026-01-05,-0.23301378663104277
2026-01-06,-0.22960553933598604
2026-01-07,-0.22062906793168446
2026-01-08,-0.21398043711496384
2026-01-09,-0.2111269401860313
2026-01-12,-0.2089166296191881
2026-01-13,-0.203167140236012
2026-01-14,-0.20648872183742817
2026-01-15,-0.22266846062412204
2026-01-16,-0.237518692047331
2026-01-19,-0.24382990178110753
2026-01-20,-0.240744544748696
2026-01-21,-0.2498427055401522
2026-01-22,-0.24405221576640101
2026-01-23,-0.24982751431379535
2026-01-26,-0.23617947905506775
2026-01-27,-0.24278918473444877
2026-01-28,-0.24476361136502
2026-01-29,-0.25692547928772147
2026-01-30,-0.2647817105001441
2026-02-02,-0.2647817105001441
2026-02-03,-0.26474749618305826
2026-02-04,0.0
